schedule,i,thread
static,0,0
static,1,0
static,2,0
static,3,0
static,4,0
static,5,0
static,6,0
static,7,0
static,8,0
static,9,0
static,10,0
static,11,0
static,12,0
static,13,0
static,14,0
static,15,0
static,16,0
static,17,0
static,18,0
static,19,0
static,20,0
static,21,0
static,22,0
static,23,0
static,24,0
static,25,0
static,26,0
static,27,0
static,28,0
static,29,0
static,30,0
static,31,0
static,32,0
static,33,0
static,34,0
static,35,0
static,36,0
static,37,0
static,38,0
static,39,0
static,40,0
static,41,0
static,42,0
static,43,0
static,44,0
static,45,0
static,46,0
static,47,0
static,48,0
static,49,0
static,50,0
static,51,0
static,52,0
static,53,0
static,54,0
static,55,0
static,56,0
static,57,0
static,58,0
static,59,0
static,60,0
static,61,0
static,62,0
static,63,0
static,64,0
static,65,0
static,66,0
static,67,0
static,68,0
static,69,0
static,70,0
static,71,0
static,72,0
static,73,0
static,74,0
static,75,0
static,76,0
static,77,0
static,78,0
static,79,0
static,80,0
static,81,0
static,82,0
static,83,0
static,84,0
static,85,0
static,86,0
static,87,0
static,88,0
static,89,0
static,90,0
static,91,0
static,92,0
static,93,0
static,94,0
static,95,0
static,96,0
static,97,0
static,98,0
static,99,0
static,100,1
static,101,1
static,102,1
static,103,1
static,104,1
static,105,1
static,106,1
static,107,1
static,108,1
static,109,1
static,110,1
static,111,1
static,112,1
static,113,1
static,114,1
static,115,1
static,116,1
static,117,1
static,118,1
static,119,1
static,120,1
static,121,1
static,122,1
static,123,1
static,124,1
static,125,1
static,126,1
static,127,1
static,128,1
static,129,1
static,130,1
static,131,1
static,132,1
static,133,1
static,134,1
static,135,1
static,136,1
static,137,1
static,138,1
static,139,1
static,140,1
static,141,1
static,142,1
static,143,1
static,144,1
static,145,1
static,146,1
static,147,1
static,148,1
static,149,1
static,150,1
static,151,1
static,152,1
static,153,1
static,154,1
static,155,1
static,156,1
static,157,1
static,158,1
static,159,1
static,160,1
static,161,1
static,162,1
static,163,1
static,164,1
static,165,1
static,166,1
static,167,1
static,168,1
static,169,1
static,170,1
static,171,1
static,172,1
static,173,1
static,174,1
static,175,1
static,176,1
static,177,1
static,178,1
static,179,1
static,180,1
static,181,1
static,182,1
static,183,1
static,184,1
static,185,1
static,186,1
static,187,1
static,188,1
static,189,1
static,190,1
static,191,1
static,192,1
static,193,1
static,194,1
static,195,1
static,196,1
static,197,1
static,198,1
static,199,1
static,200,2
static,201,2
static,202,2
static,203,2
static,204,2
static,205,2
static,206,2
static,207,2
static,208,2
static,209,2
static,210,2
static,211,2
static,212,2
static,213,2
static,214,2
static,215,2
static,216,2
static,217,2
static,218,2
static,219,2
static,220,2
static,221,2
static,222,2
static,223,2
static,224,2
static,225,2
static,226,2
static,227,2
static,228,2
static,229,2
static,230,2
static,231,2
static,232,2
static,233,2
static,234,2
static,235,2
static,236,2
static,237,2
static,238,2
static,239,2
static,240,2
static,241,2
static,242,2
static,243,2
static,244,2
static,245,2
static,246,2
static,247,2
static,248,2
static,249,2
static,250,2
static,251,2
static,252,2
static,253,2
static,254,2
static,255,2
static,256,2
static,257,2
static,258,2
static,259,2
static,260,2
static,261,2
static,262,2
static,263,2
static,264,2
static,265,2
static,266,2
static,267,2
static,268,2
static,269,2
static,270,2
static,271,2
static,272,2
static,273,2
static,274,2
static,275,2
static,276,2
static,277,2
static,278,2
static,279,2
static,280,2
static,281,2
static,282,2
static,283,2
static,284,2
static,285,2
static,286,2
static,287,2
static,288,2
static,289,2
static,290,2
static,291,2
static,292,2
static,293,2
static,294,2
static,295,2
static,296,2
static,297,2
static,298,2
static,299,2
static,300,3
static,301,3
static,302,3
static,303,3
static,304,3
static,305,3
static,306,3
static,307,3
static,308,3
static,309,3
static,310,3
static,311,3
static,312,3
static,313,3
static,314,3
static,315,3
static,316,3
static,317,3
static,318,3
static,319,3
static,320,3
static,321,3
static,322,3
static,323,3
static,324,3
static,325,3
static,326,3
static,327,3
static,328,3
static,329,3
static,330,3
static,331,3
static,332,3
static,333,3
static,334,3
static,335,3
static,336,3
static,337,3
static,338,3
static,339,3
static,340,3
static,341,3
static,342,3
static,343,3
static,344,3
static,345,3
static,346,3
static,347,3
static,348,3
static,349,3
static,350,3
static,351,3
static,352,3
static,353,3
static,354,3
static,355,3
static,356,3
static,357,3
static,358,3
static,359,3
static,360,3
static,361,3
static,362,3
static,363,3
static,364,3
static,365,3
static,366,3
static,367,3
static,368,3
static,369,3
static,370,3
static,371,3
static,372,3
static,373,3
static,374,3
static,375,3
static,376,3
static,377,3
static,378,3
static,379,3
static,380,3
static,381,3
static,382,3
static,383,3
static,384,3
static,385,3
static,386,3
static,387,3
static,388,3
static,389,3
static,390,3
static,391,3
static,392,3
static,393,3
static,394,3
static,395,3
static,396,3
static,397,3
static,398,3
static,399,3
static1,0,0
static1,1,1
static1,2,2
static1,3,3
static1,4,0
static1,5,1
static1,6,2
static1,7,3
static1,8,0
static1,9,1
static1,10,2
static1,11,3
static1,12,0
static1,13,1
static1,14,2
static1,15,3
static1,16,0
static1,17,1
static1,18,2
static1,19,3
static1,20,0
static1,21,1
static1,22,2
static1,23,3
static1,24,0
static1,25,1
static1,26,2
static1,27,3
static1,28,0
static1,29,1
static1,30,2
static1,31,3
static1,32,0
static1,33,1
static1,34,2
static1,35,3
static1,36,0
static1,37,1
static1,38,2
static1,39,3
static1,40,0
static1,41,1
static1,42,2
static1,43,3
static1,44,0
static1,45,1
static1,46,2
static1,47,3
static1,48,0
static1,49,1
static1,50,2
static1,51,3
static1,52,0
static1,53,1
static1,54,2
static1,55,3
static1,56,0
static1,57,1
static1,58,2
static1,59,3
static1,60,0
static1,61,1
static1,62,2
static1,63,3
static1,64,0
static1,65,1
static1,66,2
static1,67,3
static1,68,0
static1,69,1
static1,70,2
static1,71,3
static1,72,0
static1,73,1
static1,74,2
static1,75,3
static1,76,0
static1,77,1
static1,78,2
static1,79,3
static1,80,0
static1,81,1
static1,82,2
static1,83,3
static1,84,0
static1,85,1
static1,86,2
static1,87,3
static1,88,0
static1,89,1
static1,90,2
static1,91,3
static1,92,0
static1,93,1
static1,94,2
static1,95,3
static1,96,0
static1,97,1
static1,98,2
static1,99,3
static1,100,0
static1,101,1
static1,102,2
static1,103,3
static1,104,0
static1,105,1
static1,106,2
static1,107,3
static1,108,0
static1,109,1
static1,110,2
static1,111,3
static1,112,0
static1,113,1
static1,114,2
static1,115,3
static1,116,0
static1,117,1
static1,118,2
static1,119,3
static1,120,0
static1,121,1
static1,122,2
static1,123,3
static1,124,0
static1,125,1
static1,126,2
static1,127,3
static1,128,0
static1,129,1
static1,130,2
static1,131,3
static1,132,0
static1,133,1
static1,134,2
static1,135,3
static1,136,0
static1,137,1
static1,138,2
static1,139,3
static1,140,0
static1,141,1
static1,142,2
static1,143,3
static1,144,0
static1,145,1
static1,146,2
static1,147,3
static1,148,0
static1,149,1
static1,150,2
static1,151,3
static1,152,0
static1,153,1
static1,154,2
static1,155,3
static1,156,0
static1,157,1
static1,158,2
static1,159,3
static1,160,0
static1,161,1
static1,162,2
static1,163,3
static1,164,0
static1,165,1
static1,166,2
static1,167,3
static1,168,0
static1,169,1
static1,170,2
static1,171,3
static1,172,0
static1,173,1
static1,174,2
static1,175,3
static1,176,0
static1,177,1
static1,178,2
static1,179,3
static1,180,0
static1,181,1
static1,182,2
static1,183,3
static1,184,0
static1,185,1
static1,186,2
static1,187,3
static1,188,0
static1,189,1
static1,190,2
static1,191,3
static1,192,0
static1,193,1
static1,194,2
static1,195,3
static1,196,0
static1,197,1
static1,198,2
static1,199,3
static1,200,0
static1,201,1
static1,202,2
static1,203,3
static1,204,0
static1,205,1
static1,206,2
static1,207,3
static1,208,0
static1,209,1
static1,210,2
static1,211,3
static1,212,0
static1,213,1
static1,214,2
static1,215,3
static1,216,0
static1,217,1
static1,218,2
static1,219,3
static1,220,0
static1,221,1
static1,222,2
static1,223,3
static1,224,0
static1,225,1
static1,226,2
static1,227,3
static1,228,0
static1,229,1
static1,230,2
static1,231,3
static1,232,0
static1,233,1
static1,234,2
static1,235,3
static1,236,0
static1,237,1
static1,238,2
static1,239,3
static1,240,0
static1,241,1
static1,242,2
static1,243,3
static1,244,0
static1,245,1
static1,246,2
static1,247,3
static1,248,0
static1,249,1
static1,250,2
static1,251,3
static1,252,0
static1,253,1
static1,254,2
static1,255,3
static1,256,0
static1,257,1
static1,258,2
static1,259,3
static1,260,0
static1,261,1
static1,262,2
static1,263,3
static1,264,0
static1,265,1
static1,266,2
static1,267,3
static1,268,0
static1,269,1
static1,270,2
static1,271,3
static1,272,0
static1,273,1
static1,274,2
static1,275,3
static1,276,0
static1,277,1
static1,278,2
static1,279,3
static1,280,0
static1,281,1
static1,282,2
static1,283,3
static1,284,0
static1,285,1
static1,286,2
static1,287,3
static1,288,0
static1,289,1
static1,290,2
static1,291,3
static1,292,0
static1,293,1
static1,294,2
static1,295,3
static1,296,0
static1,297,1
static1,298,2
static1,299,3
static1,300,0
static1,301,1
static1,302,2
static1,303,3
static1,304,0
static1,305,1
static1,306,2
static1,307,3
static1,308,0
static1,309,1
static1,310,2
static1,311,3
static1,312,0
static1,313,1
static1,314,2
static1,315,3
static1,316,0
static1,317,1
static1,318,2
static1,319,3
static1,320,0
static1,321,1
static1,322,2
static1,323,3
static1,324,0
static1,325,1
static1,326,2
static1,327,3
static1,328,0
static1,329,1
static1,330,2
static1,331,3
static1,332,0
static1,333,1
static1,334,2
static1,335,3
static1,336,0
static1,337,1
static1,338,2
static1,339,3
static1,340,0
static1,341,1
static1,342,2
static1,343,3
static1,344,0
static1,345,1
static1,346,2
static1,347,3
static1,348,0
static1,349,1
static1,350,2
static1,351,3
static1,352,0
static1,353,1
static1,354,2
static1,355,3
static1,356,0
static1,357,1
static1,358,2
static1,359,3
static1,360,0
static1,361,1
static1,362,2
static1,363,3
static1,364,0
static1,365,1
static1,366,2
static1,367,3
static1,368,0
static1,369,1
static1,370,2
static1,371,3
static1,372,0
static1,373,1
static1,374,2
static1,375,3
static1,376,0
static1,377,1
static1,378,2
static1,379,3
static1,380,0
static1,381,1
static1,382,2
static1,383,3
static1,384,0
static1,385,1
static1,386,2
static1,387,3
static1,388,0
static1,389,1
static1,390,2
static1,391,3
static1,392,0
static1,393,1
static1,394,2
static1,395,3
static1,396,0
static1,397,1
static1,398,2
static1,399,3
static25,0,0
static25,1,0
static25,2,0
static25,3,0
static25,4,0
static25,5,0
static25,6,0
static25,7,0
static25,8,0
static25,9,0
static25,10,0
static25,11,0
static25,12,0
static25,13,0
static25,14,0
static25,15,0
static25,16,0
static25,17,0
static25,18,0
static25,19,0
static25,20,0
static25,21,0
static25,22,0
static25,23,0
static25,24,0
static25,25,1
static25,26,1
static25,27,1
static25,28,1
static25,29,1
static25,30,1
static25,31,1
static25,32,1
static25,33,1
static25,34,1
static25,35,1
static25,36,1
static25,37,1
static25,38,1
static25,39,1
static25,40,1
static25,41,1
static25,42,1
static25,43,1
static25,44,1
static25,45,1
static25,46,1
static25,47,1
static25,48,1
static25,49,1
static25,50,2
static25,51,2
static25,52,2
static25,53,2
static25,54,2
static25,55,2
static25,56,2
static25,57,2
static25,58,2
static25,59,2
static25,60,2
static25,61,2
static25,62,2
static25,63,2
static25,64,2
static25,65,2
static25,66,2
static25,67,2
static25,68,2
static25,69,2
static25,70,2
static25,71,2
static25,72,2
static25,73,2
static25,74,2
static25,75,3
static25,76,3
static25,77,3
static25,78,3
static25,79,3
static25,80,3
static25,81,3
static25,82,3
static25,83,3
static25,84,3
static25,85,3
static25,86,3
static25,87,3
static25,88,3
static25,89,3
static25,90,3
static25,91,3
static25,92,3
static25,93,3
static25,94,3
static25,95,3
static25,96,3
static25,97,3
static25,98,3
static25,99,3
static25,100,0
static25,101,0
static25,102,0
static25,103,0
static25,104,0
static25,105,0
static25,106,0
static25,107,0
static25,108,0
static25,109,0
static25,110,0
static25,111,0
static25,112,0
static25,113,0
static25,114,0
static25,115,0
static25,116,0
static25,117,0
static25,118,0
static25,119,0
static25,120,0
static25,121,0
static25,122,0
static25,123,0
static25,124,0
static25,125,1
static25,126,1
static25,127,1
static25,128,1
static25,129,1
static25,130,1
static25,131,1
static25,132,1
static25,133,1
static25,134,1
static25,135,1
static25,136,1
static25,137,1
static25,138,1
static25,139,1
static25,140,1
static25,141,1
static25,142,1
static25,143,1
static25,144,1
static25,145,1
static25,146,1
static25,147,1
static25,148,1
static25,149,1
static25,150,2
static25,151,2
static25,152,2
static25,153,2
static25,154,2
static25,155,2
static25,156,2
static25,157,2
static25,158,2
static25,159,2
static25,160,2
static25,161,2
static25,162,2
static25,163,2
static25,164,2
static25,165,2
static25,166,2
static25,167,2
static25,168,2
static25,169,2
static25,170,2
static25,171,2
static25,172,2
static25,173,2
static25,174,2
static25,175,3
static25,176,3
static25,177,3
static25,178,3
static25,179,3
static25,180,3
static25,181,3
static25,182,3
static25,183,3
static25,184,3
static25,185,3
static25,186,3
static25,187,3
static25,188,3
static25,189,3
static25,190,3
static25,191,3
static25,192,3
static25,193,3
static25,194,3
static25,195,3
static25,196,3
static25,197,3
static25,198,3
static25,199,3
static25,200,0
static25,201,0
static25,202,0
static25,203,0
static25,204,0
static25,205,0
static25,206,0
static25,207,0
static25,208,0
static25,209,0
static25,210,0
static25,211,0
static25,212,0
static25,213,0
static25,214,0
static25,215,0
static25,216,0
static25,217,0
static25,218,0
static25,219,0
static25,220,0
static25,221,0
static25,222,0
static25,223,0
static25,224,0
static25,225,1
static25,226,1
static25,227,1
static25,228,1
static25,229,1
static25,230,1
static25,231,1
static25,232,1
static25,233,1
static25,234,1
static25,235,1
static25,236,1
static25,237,1
static25,238,1
static25,239,1
static25,240,1
static25,241,1
static25,242,1
static25,243,1
static25,244,1
static25,245,1
static25,246,1
static25,247,1
static25,248,1
static25,249,1
static25,250,2
static25,251,2
static25,252,2
static25,253,2
static25,254,2
static25,255,2
static25,256,2
static25,257,2
static25,258,2
static25,259,2
static25,260,2
static25,261,2
static25,262,2
static25,263,2
static25,264,2
static25,265,2
static25,266,2
static25,267,2
static25,268,2
static25,269,2
static25,270,2
static25,271,2
static25,272,2
static25,273,2
static25,274,2
static25,275,3
static25,276,3
static25,277,3
static25,278,3
static25,279,3
static25,280,3
static25,281,3
static25,282,3
static25,283,3
static25,284,3
static25,285,3
static25,286,3
static25,287,3
static25,288,3
static25,289,3
static25,290,3
static25,291,3
static25,292,3
static25,293,3
static25,294,3
static25,295,3
static25,296,3
static25,297,3
static25,298,3
static25,299,3
static25,300,0
static25,301,0
static25,302,0
static25,303,0
static25,304,0
static25,305,0
static25,306,0
static25,307,0
static25,308,0
static25,309,0
static25,310,0
static25,311,0
static25,312,0
static25,313,0
static25,314,0
static25,315,0
static25,316,0
static25,317,0
static25,318,0
static25,319,0
static25,320,0
static25,321,0
static25,322,0
static25,323,0
static25,324,0
static25,325,1
static25,326,1
static25,327,1
static25,328,1
static25,329,1
static25,330,1
static25,331,1
static25,332,1
static25,333,1
static25,334,1
static25,335,1
static25,336,1
static25,337,1
static25,338,1
static25,339,1
static25,340,1
static25,341,1
static25,342,1
static25,343,1
static25,344,1
static25,345,1
static25,346,1
static25,347,1
static25,348,1
static25,349,1
static25,350,2
static25,351,2
static25,352,2
static25,353,2
static25,354,2
static25,355,2
static25,356,2
static25,357,2
static25,358,2
static25,359,2
static25,360,2
static25,361,2
static25,362,2
static25,363,2
static25,364,2
static25,365,2
static25,366,2
static25,367,2
static25,368,2
static25,369,2
static25,370,2
static25,371,2
static25,372,2
static25,373,2
static25,374,2
static25,375,3
static25,376,3
static25,377,3
static25,378,3
static25,379,3
static25,380,3
static25,381,3
static25,382,3
static25,383,3
static25,384,3
static25,385,3
static25,386,3
static25,387,3
static25,388,3
static25,389,3
static25,390,3
static25,391,3
static25,392,3
static25,393,3
static25,394,3
static25,395,3
static25,396,3
static25,397,3
static25,398,3
static25,399,3
